Action,User,Details,Timestamp
File checkIn,ahamd (a@gmail.com),"""reversed 0 files""",Tue Jan 07 2025 08:48:26 GMT+0300 (Arabian Standard Time)
File checkOut,ahamd (a@gmail.com),"""canceled revers file2.txt file""",Tue Jan 07 2025 12:52:12 GMT+0300 (Arabian Standard Time)
File checkIn,ahamd (a@gmail.com),"""reversed 1 files""",Tue Jan 07 2025 12:52:04 GMT+0300 (Arabian Standard Time)
File Upload,ahamd (a@gmail.com),"""file2.txt added to sara""",Tue Jan 07 2025 12:51:51 GMT+0300 (Arabian Standard Time)
Group Create,ahamd (a@gmail.com),"""the group: sara created""",Tue Jan 07 2025 12:51:15 GMT+0300 (Arabian Standard Time)
Group Create,ahamd (a@gmail.com),"""the group: ah ah created""",Tue Jan 07 2025 12:50:44 GMT+0300 (Arabian Standard Time)
File checkOut,ahamd (a@gmail.com),"""canceled revers 0-test.txt file""",Tue Jan 07 2025 12:48:18 GMT+0300 (Arabian Standard Time)
Group Create,ahamd (a@gmail.com),"""the group: ahmad a created""",Tue Jan 07 2025 12:47:47 GMT+0300 (Arabian Standard Time)
File checkIn,ahamd (a@gmail.com),"""reversed 1 files""",Tue Jan 07 2025 08:50:38 GMT+0300 (Arabian Standard Time)
File checkIn,ahamd (a@gmail.com),"""reversed 1 files""",Tue Jan 07 2025 13:07:18 GMT+0300 (Arabian Standard Time)
File Upload,ahamd1 (a2@gmail.com),"""file2 (1).txt added to firas""",Tue Jan 07 2025 08:38:51 GMT+0300 (Arabian Standard Time)
Group Create,ahamd (a@gmail.com),"""the group: غروب الطيور المغردة created""",Tue Jan 07 2025 08:34:58 GMT+0300 (Arabian Standard Time)
File checkOut,ahamd (a@gmail.com),"""canceled revers file2.txt file""",Mon Jan 06 2025 21:05:49 GMT+0300 (Arabian Standard Time)
File checkIn,ahamd (a@gmail.com),"""reversed 1 files""",Mon Jan 06 2025 21:05:42 GMT+0300 (Arabian Standard Time)
File checkOut,ahamd (a@gmail.com),"""canceled revers file2.txt file""",Mon Jan 06 2025 21:04:40 GMT+0300 (Arabian Standard Time)
File checkIn,ahamd (a@gmail.com),"""reversed 1 files""",Mon Jan 06 2025 21:04:30 GMT+0300 (Arabian Standard Time)
File checkOut,ahamd (a@gmail.com),"""canceled revers 0-test.txt file""",Mon Jan 06 2025 21:03:06 GMT+0300 (Arabian Standard Time)
File checkIn,ahamd (a@gmail.com),"""reversed 1 files""",Mon Jan 06 2025 21:02:58 GMT+0300 (Arabian Standard Time)
File Upload,ahamd (a@gmail.com),"""file2.txt added to ahmad a""",Thu Jan 16 2025 19:27:34 GMT+0300 (Arabian Standard Time)
Group Create,ahamd (a@gmail.com),"""the group: موبيليا سردار created""",Thu Jan 16 2025 23:49:39 GMT+0300 (Arabian Standard Time)
File Upload,ahamd1 (a2@gmail.com),"""y.txt added to firas""",Thu Jan 16 2025 23:42:58 GMT+0300 (Arabian Standard Time)
File checkOut,ahamd (a@gmail.com),"""canceled revers 0-test.txt file""",Thu Jan 16 2025 20:54:53 GMT+0300 (Arabian Standard Time)
File checkIn,ahamd (a@gmail.com),"""reversed 1 files""",Thu Jan 16 2025 20:51:04 GMT+0300 (Arabian Standard Time)
File Upload,ahamd1 (a2@gmail.com),"""ht.txt added to firas""",Thu Jan 16 2025 19:41:43 GMT+0300 (Arabian Standard Time)
Group User Add,ahamd (a@gmail.com),"""user: ahamd1 , email: a2@gmail.com added""",Thu Jan 16 2025 19:39:43 GMT+0300 (Arabian Standard Time)
File Update,ahamd (a@gmail.com),"""file2.txt updated""",Thu Jan 16 2025 19:28:24 GMT+0300 (Arabian Standard Time)
File checkIn,ahamd (a@gmail.com),"""reversed 1 files""",Thu Jan 16 2025 19:27:44 GMT+0300 (Arabian Standard Time)
File checkOut,ahamd (a@gmail.com),"""canceled revers 0-test.txt file""",Mon Jan 06 2025 21:02:32 GMT+0300 (Arabian Standard Time)
File checkOut,ahamd (a@gmail.com),"""canceled revers file2.txt file""",Thu Jan 16 2025 19:23:57 GMT+0300 (Arabian Standard Time)
File checkIn,ahamd (a@gmail.com),"""reversed 1 files""",Thu Jan 16 2025 19:23:52 GMT+0300 (Arabian Standard Time)
File Update,firas (firas@gmail.com),"""test.txt updated""",Wed Jan 15 2025 23:21:01 GMT+0300 (Arabian Standard Time)
File checkIn,ahamd (a@gmail.com),"""reversed 1 files""",Wed Jan 15 2025 23:20:25 GMT+0300 (Arabian Standard Time)
File Upload,ahamd (a@gmail.com),"""test.txt added to الدحيح""",Wed Jan 15 2025 23:19:58 GMT+0300 (Arabian Standard Time)
Group Create,ahamd (a@gmail.com),"""the group: الدحيح created""",Wed Jan 15 2025 23:14:26 GMT+0300 (Arabian Standard Time)
File checkOut,ahamd (a@gmail.com),"""canceled revers 0-test.txt file""",Tue Jan 07 2025 13:08:17 GMT+0300 (Arabian Standard Time)
File checkIn,ahamd (a@gmail.com),"""reversed 1 files""",Sun Dec 29 2024 23:02:43 GMT+0300 (Arabian Standard Time)
File Update,firas (firas@gmail.com),"""test.txt updated""",Sun Dec 29 2024 23:17:00 GMT+0300 (Arabian Standard Time)
File checkIn,ahamd (a@gmail.com),"""reversed 1 files""",Sun Dec 29 2024 23:16:24 GMT+0300 (Arabian Standard Time)
File Upload,ahamd (a@gmail.com),"""test.txt added to sedra""",Sun Dec 29 2024 23:15:57 GMT+0300 (Arabian Standard Time)
File Update,ahamd (a@gmail.com),"""file2.txt updated""",Sun Dec 29 2024 23:12:28 GMT+0300 (Arabian Standard Time)
File checkIn,ahamd (a@gmail.com),"""reversed 1 files""",Sun Dec 29 2024 23:12:10 GMT+0300 (Arabian Standard Time)
File Upload,ahamd (a@gmail.com),"""file2.txt added to firas""",Sun Dec 29 2024 23:11:19 GMT+0300 (Arabian Standard Time)
Group Create,ahamd (a@gmail.com),"""the group: sedra created""",Sun Dec 29 2024 23:09:56 GMT+0300 (Arabian Standard Time)
File Update,firas (firas@gmail.com),"""‏‏test2.txt updated""",Sun Dec 29 2024 23:03:09 GMT+0300 (Arabian Standard Time)
File checkIn,ahamd (a@gmail.com),"""reversed 1 files""",Mon Dec 30 2024 09:23:52 GMT+0300 (Arabian Standard Time)
File Upload,ahamd (a@gmail.com),"""‏‏test2.txt added to GroupNew2""",Sun Dec 29 2024 23:02:36 GMT+0300 (Arabian Standard Time)
File checkIn,ahamd (a@gmail.com),"""reversed 1 files""",Sun Dec 29 2024 22:59:19 GMT+0300 (Arabian Standard Time)
File Upload,ahamd (a@gmail.com),"""test.txt added to GroupNew2""",Sun Dec 29 2024 22:58:56 GMT+0300 (Arabian Standard Time)
Group Create,ahamd (a@gmail.com),"""the group: GroupNew2 created""",Sun Dec 29 2024 22:58:31 GMT+0300 (Arabian Standard Time)
File Update,ahamd (a@gmail.com),"""0-test.txt updated""",Sun Dec 29 2024 22:55:44 GMT+0300 (Arabian Standard Time)
File checkIn,ahamd (a@gmail.com),"""reversed 1 files""",Sun Dec 29 2024 22:55:05 GMT+0300 (Arabian Standard Time)
File Upload,ahamd (a@gmail.com),"""0-test.txt added to firas""",Sun Dec 29 2024 22:54:47 GMT+0300 (Arabian Standard Time)
File checkIn,ahamd (a@gmail.com),"""reversed 1 files""",Sat Jan 04 2025 22:44:40 GMT+0300 (Arabian Standard Time)
File checkIn,ahamd (a@gmail.com),"""reversed 1 files""",Mon Jan 06 2025 21:01:59 GMT+0300 (Arabian Standard Time)
File checkOut,ahamd (a@gmail.com),"""canceled revers 0-test.txt file""",Mon Jan 06 2025 20:58:48 GMT+0300 (Arabian Standard Time)
File checkIn,ahamd (a@gmail.com),"""reversed 1 files""",Mon Jan 06 2025 20:54:53 GMT+0300 (Arabian Standard Time)
File Upload,ahamd1 (a2@gmail.com),"""file2 (1).txt added to firas""",Mon Jan 06 2025 20:37:09 GMT+0300 (Arabian Standard Time)
Group User Add,ahamd (a@gmail.com),"""user: ahamd1 , email: a2@gmail.com added""",Mon Jan 06 2025 20:33:56 GMT+0300 (Arabian Standard Time)
File Update,ahamd (a@gmail.com),"""file2.txt updated""",Mon Jan 06 2025 18:42:29 GMT+0300 (Arabian Standard Time)
File checkIn,ahamd (a@gmail.com),"""reversed 1 files""",Mon Jan 06 2025 18:42:09 GMT+0300 (Arabian Standard Time)
File checkOut,ahamd (a@gmail.com),"""canceled revers 0-test.txt file""",Sat Jan 04 2025 22:44:57 GMT+0300 (Arabian Standard Time)
Group Create,ahamd (a@gmail.com),"""the group: firas created""",Sun Dec 29 2024 22:54:26 GMT+0300 (Arabian Standard Time)
File checkOut,ahamd (a@gmail.com),"""canceled revers 0-test.txt file""",Sat Jan 04 2025 22:43:53 GMT+0300 (Arabian Standard Time)
File checkIn,ahamd (a@gmail.com),"""reversed 1 files""",Sat Jan 04 2025 22:31:07 GMT+0300 (Arabian Standard Time)
File Update,ahamd (a@gmail.com),"""file2.txt updated""",Mon Dec 30 2024 13:20:44 GMT+0300 (Arabian Standard Time)
File checkIn,ahamd (a@gmail.com),"""reversed 1 files""",Mon Dec 30 2024 13:14:37 GMT+0300 (Arabian Standard Time)
File Update,ahamd (a@gmail.com),"""file2.txt updated""",Mon Dec 30 2024 13:13:50 GMT+0300 (Arabian Standard Time)
File checkIn,ahamd (a@gmail.com),"""reversed 1 files""",Mon Dec 30 2024 09:37:17 GMT+0300 (Arabian Standard Time)
File Update,ahamd (a@gmail.com),"""file2.txt updated""",Mon Dec 30 2024 09:24:13 GMT+0300 (Arabian Standard Time)
